{
  "cohort": "入院時FAC 0-3",
  "dataset_size": 300,
  "outcome_rate": 0.4,
  "fac_distribution": {
    "0": {
      "count": 128,
      "mean": 0.0703125
    },
    "1": {
      "count": 44,
      "mean": 0.2727272727272727
    },
    "2": {
      "count": 49,
      "mean": 0.5510204081632653
    },
    "3": {
      "count": 79,
      "mean": 0.9113924050632911
    }
  },
  "models": {
    "logistic": {
      "auroc": 0.9674074074074074,
      "brier": 0.07308306705414087,
      "accuracy": 0.92,
      "confusion_matrix": [
        [
          43,
          2
        ],
        [
          4,
          26
        ]
      ]
    },
    "tree": {
      "auroc": 0.9577777777777777,
      "brier": 0.08598578734895923,
      "accuracy": 0.8666666666666667,
      "confusion_matrix": [
        [
          42,
          3
        ],
        [
          7,
          23
        ]
      ]
    }
  },
  "feature_coefficients": {
    "tis_adm": 0.8285650005899928,
    "fac_adm": 0.7924400394489257,
    "fma_le_adm": 0.6366872007855611,
    "age": -0.4462057702563876,
    "onset_days": -0.5264813036295848
  }
}